{
  "m": {
    "cm": 100,
    "in": 39.37,
    "ft": 3.28,
    "mm": 1000,
    "yd": 1.09,
    "km": 0.001
  },
  "cm": {
    "m": 0.01,
    "in": 0.39,
    "ft": 0.0328,
    "mm": 10,
    "yd": 0.011,
    "km": 0.00001
  },
  "in": {
    "m": 0.0254,
    "cm": 2.54,
    "ft": 0.083,
    "mm": 25.4,
    "yd": 0.027,
    "km": 0.0000254
  },
  "ft": {
    "m": 0.3048,
    "cm": 30.48,
    "in": 12,
    "mm": 304.8,
    "yd": 0.33,
    "km": 0.0003048
  }
}